ACTIVITY_ID,DEAL_ID,ACTIVITY_DATE,EMAILS_SENT,CALLS_MADE,MEETINGS_HELD,STAGE_CHANGE,DEAL_AMOUNT_CHANGE,WIN_PROBABILITY,DAYS_IN_STAGE
1,1,2024-01-10,0,4,1,,0.0,23.0,4
2,1,2024-01-14,3,4,1,,0.0,31.8,3
3,1,2024-01-18,5,3,0,,0.0,21.9,6
4,1,2024-01-24,0,0,0,,0.0,30.4,5
5,1,2024-01-29,0,3,0,Discovery,0.0,47.1,9
6,1,2024-02-03,2,4,0,,-12267.68,39.3,11
7,1,2024-02-08,1,2,0,,0.0,53.6,7
8,1,2024-02-12,2,3,0,Proposal,0.0,48.2,4
9,1,2024-02-20,5,2,0,,3846.88,59.0,9
10,1,2024-02-24,5,1,1,,0.0,57.3,11
11,1,2024-03-03,5,4,1,,0.0,60.6,1
12,1,2024-03-10,1,0,0,,11774.38,66.6,10
13,1,2024-03-14,5,2,1,Negotiation,0.0,72.9,11
14,1,2024-03-18,3,1,1,,0.0,72.3,5
15,1,2024-03-22,5,4,0,,0.0,83.4,3
16,1,2024-03-27,4,3,1,Closed Won,3632.21,77.1,11
17,1,2024-04-01,3,4,1,,0.0,88.2,9
18,1,2024-04-09,2,4,0,,0.0,85.2,11
19,2,2024-03-05,4,1,1,,0.0,25.3,9
20,2,2024-03-14,0,2,0,,0.0,17.2,5
21,2,2024-03-21,1,0,1,,2133.55,31.3,2
22,2,2024-03-28,4,1,1,Discovery,0.0,34.5,5
23,2,2024-04-02,4,3,0,,0.0,48.6,12
24,2,2024-04-09,1,2,0,,0.0,48.4,9
25,2,2024-04-17,3,0,1,Proposal,496.08,41.3,10
26,2,2024-04-23,1,0,1,,0.0,57.6,1
27,2,2024-05-01,2,0,0,,0.0,55.6,9
28,2,2024-05-06,1,3,1,,0.0,64.5,2
29,2,2024-05-13,0,3,0,Negotiation,0.0,68.2,1
30,2,2024-05-22,0,0,0,,0.0,71.8,4
31,2,2024-05-28,1,1,0,,-343.82,72.8,2
32,2,2024-06-06,3,0,1,Closed Won,0.0,95.0,2
33,2,2024-06-11,1,1,0,,0.0,89.6,1
34,2,2024-06-18,1,3,1,,0.0,92.8,8
35,3,2024-09-15,3,1,1,,0.0,30.2,2
36,3,2024-09-21,4,0,0,,6830.03,27.4,4
37,3,2024-09-28,4,0,0,,0.0,33.7,9
38,3,2024-10-06,2,2,1,,0.0,42.3,7
39,3,2024-10-13,1,2,0,,0.0,49.2,1
40,3,2024-10-18,3,0,1,Discovery,0.0,37.6,6
41,3,2024-10-23,0,1,0,,0.0,39.2,5
42,3,2024-10-29,4,0,0,,0.0,49.8,2
43,3,2024-11-03,1,2,1,,0.0,43.5,5
44,3,2024-11-07,2,1,0,Negotiation,0.0,48.1,5
45,3,2024-11-15,4,3,1,,2349.98,64.8,5
46,3,2024-11-23,0,0,0,,0.0,51.9,3
47,3,2024-11-27,3,3,0,,0.0,54.2,3
48,3,2024-12-03,4,0,0,,-6519.7,66.3,5
49,3,2024-12-07,2,0,0,,0.0,61.5,2
50,3,2024-12-11,2,3,0,,0.0,75.0,4
51,4,2024-01-22,5,2,0,,0.0,27.4,11
52,4,2024-01-29,3,3,0,,0.0,32.0,5
53,4,2024-02-05,5,5,0,,0.0,33.0,6
54,4,2024-02-14,0,0,0,,0.0,29.3,5
55,4,2024-02-20,0,0,0,Discovery,0.0,35.7,7
56,4,2024-02-27,1,3,0,,-2685.58,37.2,9
57,4,2024-03-06,3,2,0,,0.0,57.1,10
58,4,2024-03-15,5,5,0,Proposal,0.0,57.2,5
59,4,2024-03-22,6,2,0,,-3341.25,53.4,7
60,4,2024-03-30,2,4,0,,0.0,60.3,5
61,4,2024-04-06,4,1,0,,0.0,68.5,8
62,4,2024-04-12,7,3,0,Negotiation,0.0,71.8,13
63,4,2024-04-21,2,5,1,,0.0,76.6,6
64,4,2024-04-27,1,6,0,,0.0,75.6,13
65,4,2024-05-06,3,1,1,Closed Won,0.0,80.5,13
66,4,2024-05-13,1,3,0,,8246.88,92.9,8
67,4,2024-05-20,6,1,1,,0.0,95,13
68,5,2024-04-10,2,3,0,,0.0,24.4,9
69,5,2024-04-16,3,1,0,,0.0,24.5,4
70,5,2024-04-25,6,5,1,,0.0,35.6,4
71,5,2024-05-02,2,3,1,Discovery,0.0,30.7,6
72,5,2024-05-09,4,0,1,,0.0,34.6,12
73,5,2024-05-19,1,0,0,,0.0,41.6,1
74,5,2024-05-28,1,3,0,Proposal,0.0,55.4,1
75,5,2024-06-03,6,4,0,,0.0,45.1,13
76,5,2024-06-13,3,3,0,,0.0,64.7,4
77,5,2024-06-20,3,1,1,,0.0,64.7,11
78,5,2024-06-26,5,3,0,Negotiation,0.0,76.8,10
79,5,2024-07-05,4,0,0,,0.0,76.8,2
80,5,2024-07-12,5,3,1,,-3808.23,79.2,4
81,5,2024-07-21,3,2,0,Closed Won,0.0,92.6,7
82,5,2024-07-31,2,0,0,,14235.47,95.0,4
83,5,2024-08-10,5,0,0,,0.0,95,4
84,6,2024-10-01,0,1,0,,-3384.77,22.2,7
85,6,2024-10-05,3,1,1,,0.0,36.5,2
86,6,2024-10-08,2,0,0,,589.41,36.7,6
87,6,2024-10-15,0,2,1,,0.0,36.4,7
88,6,2024-10-19,2,3,0,,0.0,39.4,5
89,6,2024-10-23,4,3,0,Discovery,0.0,49.8,6
90,6,2024-10-27,1,0,1,,0.0,45.0,10
91,6,2024-11-02,4,3,0,,0.0,48.6,8
92,6,2024-11-05,1,2,0,,0.0,48.1,5
93,6,2024-11-12,4,0,0,,0.0,47.8,7
94,6,2024-11-16,3,1,0,,0.0,59.6,1
95,6,2024-11-22,0,2,1,,0.0,63.2,10
96,6,2024-11-27,2,3,0,,0.0,58.9,9
97,6,2024-12-02,2,2,0,,0.0,60.1,2
98,6,2024-12-06,1,2,1,,0.0,68.1,3
99,6,2024-12-13,1,1,0,,0.0,65.5,9
100,7,2023-11-15,4,2,0,,-26825.4,25.1,5
101,7,2023-11-26,7,7,0,,24258.5,18.7,8
102,7,2023-12-05,1,1,0,,0.0,21.5,1
103,7,2023-12-12,2,2,0,Discovery,-13849.5,44.0,9
104,7,2023-12-20,6,3,0,,0.0,37.6,5
105,7,2023-12-29,6,4,0,,0.0,36.2,2
106,7,2024-01-06,3,3,1,Proposal,0.0,41.6,9
107,7,2024-01-15,1,2,1,,0.0,54.0,5
108,7,2024-01-23,0,3,1,,0.0,55.7,2
109,7,2024-02-01,3,4,0,,0.0,67.5,4
110,7,2024-02-08,6,1,0,Negotiation,0.0,73.0,14
111,7,2024-02-19,2,1,1,,0.0,80.9,14
112,7,2024-02-27,4,7,1,,0.0,83.8,5
113,7,2024-03-07,8,7,0,Closed Won,0.0,87.0,12
114,7,2024-03-14,5,4,1,,0.0,84.6,14
115,7,2024-03-21,0,4,0,,1043.01,95,8
116,8,2024-03-18,2,3,0,,0.0,21.0,6
117,8,2024-03-26,2,2,1,,0.0,30.5,1
118,8,2024-04-02,5,4,0,,0.0,21.1,10
119,8,2024-04-12,3,3,0,Discovery,0.0,29.1,5
120,8,2024-04-21,3,3,1,,0.0,49.5,4
121,8,2024-04-30,5,1,0,,0.0,35.3,4
122,8,2024-05-06,0,3,0,Proposal,9951.02,53.0,5
123,8,2024-05-15,4,2,0,,0.0,54.6,8
124,8,2024-05-23,4,1,0,,0.0,68.4,3
125,8,2024-06-01,0,2,0,,0.0,72.1,13
126,8,2024-06-09,4,2,0,Negotiation,0.0,65.7,10
127,8,2024-06-17,4,3,0,,0.0,73.9,6
128,8,2024-06-23,4,4,0,,0.0,88.7,12
129,8,2024-06-30,1,4,0,Closed Won,0.0,92.1,6
130,8,2024-07-08,5,3,0,,0.0,95,11
131,8,2024-07-17,5,1,0,,0.0,85.7,10
132,9,2024-09-20,8,6,0,,0.0,32.5,8
133,9,2024-09-25,8,0,0,,0.0,27.0,5
134,9,2024-09-28,3,1,0,,0.0,26.7,2
135,9,2024-10-04,7,2,0,,20137.76,45.1,5
136,9,2024-10-07,5,5,0,,0.0,34.3,3
137,9,2024-10-14,2,2,1,,0.0,49.2,4
138,9,2024-10-20,7,2,1,Discovery,0.0,46.9,1
139,9,2024-10-23,7,4,0,,0.0,39.6,6
140,9,2024-10-27,9,4,0,,0.0,47.3,5
141,9,2024-11-02,3,6,0,,0.0,43.3,6
142,9,2024-11-06,9,4,0,,0.0,49.4,7
143,9,2024-11-09,4,0,0,Proposal,0.0,59.6,1
144,9,2024-11-15,9,7,0,,0.0,66.3,4
145,9,2024-11-20,9,5,1,,0.0,54.4,3
146,9,2024-11-25,1,0,0,,0.0,61.8,3
147,9,2024-12-02,1,4,0,,0.0,63.6,9
148,9,2024-12-08,5,8,0,,28155.33,63.1,8
149,9,2024-12-11,4,5,0,,17282.3,69.4,4
150,10,2024-02-20,3,0,0,,0.0,28.9,10
151,10,2024-02-28,1,0,0,,0.0,24.0,11
152,10,2024-03-08,3,0,1,,0.0,38.3,8
153,10,2024-03-15,0,0,1,,0.0,34.8,6
154,10,2024-03-20,4,3,0,Discovery,0.0,43.3,11
155,10,2024-03-28,0,3,0,,0.0,52.2,12
156,10,2024-04-02,2,1,0,,0.0,57.1,2
157,10,2024-04-09,2,2,1,Proposal,0.0,48.3,8
158,10,2024-04-18,0,1,0,,4158.52,59.4,4
159,10,2024-04-23,1,1,1,,0.0,67.5,4
160,10,2024-05-01,1,2,0,,0.0,72.6,5
161,10,2024-05-08,1,1,0,Negotiation,5313.49,77.5,3
162,10,2024-05-15,0,2,0,,0.0,71.0,3
163,10,2024-05-24,2,0,1,,-6328.41,79.4,8
164,10,2024-06-01,2,0,0,Closed Won,0.0,80.1,12
165,10,2024-06-08,4,2,0,,-304.76,95,7
166,10,2024-06-13,3,0,0,,-6078.54,95,10
167,11,2024-05-12,3,0,0,,0.0,42.3,13
168,11,2024-05-20,4,1,0,,0.0,54.5,14
169,11,2024-05-27,3,3,0,,0.0,35.5,11
170,11,2024-06-04,2,2,0,Discovery,0.0,44.1,2
171,11,2024-06-13,0,0,0,,0.0,42.0,3
172,11,2024-06-24,4,0,0,,0.0,35.2,2
173,11,2024-07-05,3,2,0,Proposal,0.0,39.5,12
174,11,2024-07-16,0,2,0,,0.0,24.5,4
175,11,2024-07-25,1,3,1,,0.0,16.5,6
176,11,2024-08-04,0,2,0,,0.0,27.2,13
177,11,2024-08-15,4,4,0,Negotiation,0.0,19.0,11
178,11,2024-08-26,5,2,1,,0.0,10.1,6
179,11,2024-09-04,2,0,1,Closed Lost,0.0,5,2
180,11,2024-09-14,1,0,1,,0.0,8.8,8
181,11,2024-09-25,2,1,0,,0.0,9.4,10
182,12,2024-01-08,2,1,0,,0.0,12.3,5
183,12,2024-01-17,5,5,0,,0.0,25.9,4
184,12,2024-01-22,3,4,1,,0.0,24.8,3
185,12,2024-01-27,6,2,1,Discovery,0.0,28.5,7
186,12,2024-02-02,1,1,0,,0.0,45.5,11
187,12,2024-02-08,6,2,1,,-18287.82,54.0,2
188,12,2024-02-17,6,2,0,Proposal,0.0,53.6,7
189,12,2024-02-22,2,0,0,,17009.34,66.8,8
190,12,2024-02-27,6,5,0,,0.0,54.6,4
191,12,2024-03-05,3,4,0,,0.0,59.8,12
192,12,2024-03-13,2,1,0,Negotiation,0.0,66.9,2
193,12,2024-03-21,4,4,1,,0.0,84.5,11
194,12,2024-03-29,6,1,1,Closed Won,3891.16,77.2,11
195,12,2024-04-07,0,1,0,,0.0,92.2,10
196,12,2024-04-15,6,4,0,,0.0,95,11
197,13,2024-04-15,7,7,1,,0.0,17.4,11
198,13,2024-04-26,1,6,0,,0.0,26.1,1
199,13,2024-05-05,7,3,0,,-22782.57,29.5,2
200,13,2024-05-14,5,1,0,Discovery,0.0,28.5,8
201,13,2024-05-22,7,2,0,,0.0,48.4,13
202,13,2024-06-01,5,0,0,,-21085.69,47.9,11
203,13,2024-06-08,6,4,1,Proposal,0.0,57.0,10
204,13,2024-06-18,2,5,1,,0.0,58.3,5
205,13,2024-06-28,6,2,0,,0.0,68.8,7
206,13,2024-07-07,5,2,0,,0.0,71.6,11
207,13,2024-07-16,8,1,0,Negotiation,0.0,68.5,6
208,13,2024-07-27,4,2,0,,0.0,71.8,4
209,13,2024-08-03,3,2,1,,0.0,75.9,9
210,13,2024-08-12,8,0,0,Closed Won,0.0,92.5,10
211,13,2024-08-23,6,2,1,,0.0,95,13
212,13,2024-08-30,2,7,1,,0.0,92.3,8
213,14,2024-07-20,4,3,0,,0.0,26.3,3
214,14,2024-07-27,2,0,0,,0.0,32.5,2
215,14,2024-08-01,4,0,1,,0.0,35.3,9
216,14,2024-08-07,1,3,1,Discovery,0.0,43.2,6
217,14,2024-08-11,0,3,1,,0.0,40.0,2
218,14,2024-08-18,2,1,1,,0.0,53.6,6
219,14,2024-08-22,1,1,1,Proposal,0.0,58.3,3
220,14,2024-08-27,3,3,0,,-4691.7,63.1,3
221,14,2024-09-02,4,3,1,,0.0,55.8,1
222,14,2024-09-06,1,3,0,,5555.35,67.5,8
223,14,2024-09-11,4,0,0,Negotiation,0.0,71.5,5
224,14,2024-09-18,3,0,0,,0.0,69.8,2
225,14,2024-09-24,4,2,1,,0.0,80.5,9
226,14,2024-09-30,4,0,0,Closed Won,0.0,84.4,6
227,14,2024-10-05,2,0,0,,0.0,81.4,2
228,14,2024-10-11,4,2,1,,0.0,92.0,3
229,15,2024-02-15,2,0,0,,0.0,13.8,1
230,15,2024-02-21,2,2,1,,0.0,21.8,8
231,15,2024-02-27,3,2,0,,0.0,28.7,9
232,15,2024-03-02,2,0,0,,0.0,24.8,3
233,15,2024-03-06,4,2,0,Discovery,0.0,29.2,5
234,15,2024-03-09,3,3,1,,0.0,40.9,6
235,15,2024-03-15,4,3,1,,0.0,56.1,2
236,15,2024-03-18,3,2,0,Proposal,-4125.96,55.9,10
237,15,2024-03-23,3,0,1,,0.0,50.0,6
238,15,2024-03-27,3,0,0,,0.0,63.3,6
239,15,2024-03-30,3,0,0,,0.0,64.7,5
240,15,2024-04-03,1,0,1,,0.0,62.3,9
241,15,2024-04-06,0,2,0,Negotiation,0.0,77.0,10
242,15,2024-04-11,2,3,1,,-2880.62,70.1,8
243,15,2024-04-16,0,2,0,,0.0,86.0,5
244,15,2024-04-23,2,1,0,Closed Won,0.0,94.7,6
245,15,2024-04-29,4,1,1,,2555.28,84.6,1
246,15,2024-05-06,2,2,0,,3381.37,95,2
247,16,2024-04-25,4,1,0,,0.0,42.6,1
248,16,2024-05-02,0,1,0,,0.0,40.2,4
249,16,2024-05-10,2,2,0,,0.0,39.0,9
250,16,2024-05-18,2,1,0,Discovery,2749.25,43.3,10
251,16,2024-05-27,4,1,1,,0.0,40.5,6
252,16,2024-06-04,4,0,0,,2758.35,25.6,10
253,16,2024-06-12,2,1,0,Proposal,0.0,30.3,8
254,16,2024-06-21,4,2,0,,0.0,25.0,11
255,16,2024-06-26,3,2,0,,-1645.38,29.8,8
256,16,2024-07-02,1,2,0,,0.0,19.3,12
257,16,2024-07-09,2,3,1,Negotiation,0.0,17.4,6
258,16,2024-07-14,1,3,1,,-8763.2,16.0,7
259,16,2024-07-22,4,3,1,,-3365.0,21.3,10
260,16,2024-07-30,2,1,0,Closed Lost,0.0,11.0,8
261,16,2024-08-08,2,3,1,,0.0,16.9,4
262,16,2024-08-15,1,2,1,,0.0,5,11
263,17,2024-01-05,2,2,1,,0.0,20.1,5
264,17,2024-01-11,4,0,1,,0.0,16.6,6
265,17,2024-01-16,4,2,0,,0.0,23.4,9
266,17,2024-01-23,0,0,1,,0.0,38.3,9
267,17,2024-01-26,3,1,0,Discovery,0.0,39.1,10
268,17,2024-01-29,2,1,0,,0.0,45.8,10
269,17,2024-02-04,2,3,0,,0.0,44.1,6
270,17,2024-02-08,2,0,0,Proposal,0.0,54.5,1
271,17,2024-02-13,4,3,1,,0.0,60.6,10
272,17,2024-02-18,4,1,0,,1419.28,63.9,10
273,17,2024-02-24,3,1,0,,0.0,61.7,2
274,17,2024-02-29,1,0,0,Negotiation,0.0,69.9,4
275,17,2024-03-03,3,3,0,,-3981.09,81.0,4
276,17,2024-03-09,4,2,0,,0.0,80.5,3
277,17,2024-03-12,3,2,0,Closed Won,0.0,89.1,5
278,17,2024-03-19,4,3,1,,0.0,85.2,4
279,17,2024-03-26,2,2,0,,0.0,95,8
280,18,2024-04-08,3,2,0,,0.0,14.3,5
281,18,2024-04-14,4,2,1,,0.0,27.3,4
282,18,2024-04-22,0,1,0,,0.0,21.0,8
283,18,2024-04-28,0,1,1,Discovery,0.0,36.0,7
284,18,2024-05-04,3,3,0,,0.0,45.1,5
285,18,2024-05-08,0,0,0,,0.0,39.6,1
286,18,2024-05-16,1,3,0,Proposal,0.0,43.5,7
287,18,2024-05-24,3,1,0,,0.0,64.2,1
288,18,2024-05-31,0,2,0,,0.0,52.1,5
289,18,2024-06-07,3,3,0,,0.0,57.7,5
290,18,2024-06-13,1,0,0,Negotiation,0.0,74.6,3
291,18,2024-06-18,0,2,0,,0.0,76.4,3
292,18,2024-06-24,4,3,0,,1320.2,80.3,3
293,18,2024-06-28,1,3,0,Closed Won,0.0,80.0,4
294,18,2024-07-04,3,2,0,,0.0,86.0,1
295,18,2024-07-08,2,2,0,,-1506.91,86.2,7
296,19,2024-09-01,4,3,0,,0.0,36.0,4
297,19,2024-09-10,4,0,0,,0.0,33.4,10
298,19,2024-09-17,0,0,0,,0.0,43.8,9
299,19,2024-09-22,1,1,0,,-4566.28,39.0,10
300,19,2024-09-29,3,0,0,,-5704.86,40.3,7
301,19,2024-10-06,3,0,0,Discovery,0.0,47.7,1
302,19,2024-10-15,3,2,0,,0.0,52.1,1
303,19,2024-10-21,3,2,0,,6110.39,50.8,8
304,19,2024-10-27,0,2,0,,0.0,58.2,12
305,19,2024-11-02,3,2,0,Negotiation,0.0,53.4,7
306,19,2024-11-10,3,0,0,,0.0,61.8,11
307,19,2024-11-16,2,0,1,,0.0,62.2,12
308,19,2024-11-24,1,0,0,,0.0,73.9,12
309,19,2024-12-03,4,3,0,,0.0,73.6,6
310,19,2024-12-10,1,2,1,,0.0,77.5,1
311,20,2024-02-12,1,0,1,,0.0,29.9,12
312,20,2024-02-20,4,2,0,,0.0,29.9,4
313,20,2024-02-29,2,1,0,,0.0,29.2,5
314,20,2024-03-05,0,4,0,,0.0,40.8,11
315,20,2024-03-11,5,3,0,Discovery,0.0,28.6,11
316,20,2024-03-17,5,3,0,,0.0,38.4,3
317,20,2024-03-22,2,3,1,,0.0,47.2,4
318,20,2024-03-27,2,5,1,Proposal,-2968.97,50.1,7
319,20,2024-04-05,4,4,1,,0.0,50.2,11
320,20,2024-04-10,0,3,0,,0.0,51.6,4
321,20,2024-04-18,0,2,0,,-14525.33,66.2,10
322,20,2024-04-27,5,5,0,,0.0,68.1,6
323,20,2024-05-02,2,0,1,Negotiation,0.0,66.7,12
324,20,2024-05-08,6,3,0,,0.0,81.3,7
325,20,2024-05-13,1,4,0,,0.0,77.4,11
326,20,2024-05-21,2,2,1,Closed Won,0.0,86.4,2
327,20,2024-05-29,6,5,0,,0.0,95,6
328,20,2024-06-04,2,3,1,,0.0,95,1
329,21,2024-05-22,2,3,0,,0.0,22.8,3
330,21,2024-05-29,2,1,1,,7592.61,25.9,11
331,21,2024-06-07,0,0,0,,0.0,21.5,1
332,21,2024-06-16,0,3,1,Discovery,-6804.92,37.6,4
333,21,2024-06-25,4,3,0,,0.0,42.4,10
334,21,2024-07-03,3,3,1,,0.0,45.6,1
335,21,2024-07-10,4,2,0,Proposal,0.0,45.7,12
336,21,2024-07-16,3,1,1,,-6007.32,46.9,9
337,21,2024-07-22,2,2,1,,0.0,57.9,7
338,21,2024-07-29,3,1,0,,0.0,59.5,2
339,21,2024-08-04,0,0,0,Negotiation,0.0,67.5,11
340,21,2024-08-12,0,1,1,,0.0,81.9,6
341,21,2024-08-21,4,0,0,,0.0,88.4,12
342,21,2024-08-27,4,3,1,Closed Won,0.0,93.5,5
343,21,2024-09-04,4,0,1,,-5710.42,95,3
344,21,2024-09-13,3,0,1,,0.0,95,7
345,22,2024-01-28,3,2,1,,0.0,15.5,8
346,22,2024-02-06,1,2,0,,2275.69,22.5,7
347,22,2024-02-13,0,4,1,,-6148.74,24.9,7
348,22,2024-02-21,5,1,0,Discovery,-13112.33,31.3,5
349,22,2024-02-27,3,2,0,,-1829.04,32.0,9
350,22,2024-03-03,4,4,0,,0.0,35.5,2
351,22,2024-03-12,4,4,0,Proposal,-2284.03,57.3,2
352,22,2024-03-19,5,4,0,,0.0,64.6,3
353,22,2024-03-24,5,3,1,,0.0,55.4,3
354,22,2024-03-29,0,1,0,,0.0,63.4,2
355,22,2024-04-06,2,2,0,Negotiation,0.0,74.4,10
356,22,2024-04-12,1,3,1,,0.0,71.1,6
357,22,2024-04-17,4,3,0,,0.0,76.6,11
358,22,2024-04-24,4,1,0,Closed Won,0.0,87.1,8
359,22,2024-05-03,2,1,0,,0.0,95,12
360,22,2024-05-12,5,3,0,,0.0,95,5
361,23,2024-04-18,3,1,0,,0.0,14.8,12
362,23,2024-04-27,3,3,1,,0.0,34.8,7
363,23,2024-05-05,4,3,0,,0.0,35.8,13
364,23,2024-05-11,4,0,1,Discovery,0.0,30.0,3
365,23,2024-05-21,4,0,0,,0.0,42.9,13
366,23,2024-05-28,2,3,1,,0.0,37.0,12
367,23,2024-06-07,4,1,0,Proposal,0.0,47.8,10
368,23,2024-06-17,4,1,0,,-1554.45,45.5,2
369,23,2024-06-24,0,1,0,,0.0,56.9,9
370,23,2024-07-04,3,2,0,,0.0,63.8,6
371,23,2024-07-10,0,2,1,Negotiation,-2903.06,74.2,2
372,23,2024-07-19,1,1,0,,0.0,76.0,7
373,23,2024-07-26,3,1,0,,2910.2,82.6,7
374,23,2024-08-04,0,1,0,Closed Won,-5276.27,83.6,5
375,23,2024-08-12,0,0,0,,0.0,90.7,4
376,23,2024-08-18,3,0,1,,0.0,95,11
377,24,2024-10-05,0,5,1,,0.0,22.4,3
378,24,2024-10-09,2,5,1,,0.0,30.6,7
379,24,2024-10-15,3,1,0,,0.0,36.5,3
380,24,2024-10-20,4,1,0,,0.0,31.4,8
381,24,2024-10-26,4,0,0,,0.0,50.5,4
382,24,2024-10-31,6,3,0,Discovery,0.0,44.4,8
383,24,2024-11-06,3,5,0,,-15012.46,46.9,4
384,24,2024-11-08,2,0,1,,-1365.72,50.8,8
385,24,2024-11-12,4,4,1,,0.0,45.1,6
386,24,2024-11-16,4,0,0,Proposal,0.0,54.5,7
387,24,2024-11-21,0,5,0,,0.0,63.6,1
388,24,2024-11-27,3,2,0,,0.0,67.8,2
389,24,2024-11-30,6,1,1,,0.0,69.0,7
390,24,2024-12-04,1,4,1,,0.0,61.3,1
391,24,2024-12-10,4,2,0,,15328.01,71.9,5
392,25,2024-01-15,2,3,0,,0.0,11.5,2
393,25,2024-01-20,3,2,0,,0.0,31.7,8
394,25,2024-01-27,2,0,0,,8262.63,35.3,6
395,25,2024-02-01,0,3,1,,0.0,31.1,5
396,25,2024-02-08,2,2,0,Discovery,0.0,38.2,8
397,25,2024-02-11,2,0,1,,0.0,43.4,1
398,25,2024-02-15,0,1,0,,0.0,35.0,4
399,25,2024-02-21,1,2,1,,0.0,57.8,6
400,25,2024-02-24,2,0,0,Proposal,-1814.02,61.4,5
401,25,2024-02-29,1,3,0,,-405.88,61.6,3
402,25,2024-03-04,4,1,0,,-2737.45,60.6,2
403,25,2024-03-08,3,1,0,,5354.24,60.4,2
404,25,2024-03-12,2,2,0,Negotiation,0.0,62.7,3
405,25,2024-03-16,1,0,0,,0.0,64.3,8
406,25,2024-03-21,2,1,0,,0.0,71.4,8
407,25,2024-03-25,1,0,0,,4025.16,75.3,6
408,25,2024-03-31,3,2,0,Closed Won,0.0,81.6,4
409,25,2024-04-06,4,2,0,,0.0,94.6,5
410,25,2024-04-10,1,1,0,,6963.47,90.9,4
411,26,2024-03-25,4,1,0,,0.0,59.1,1
412,26,2024-04-03,4,0,1,,0.0,41.3,13
413,26,2024-04-12,3,4,1,,0.0,48.3,7
414,26,2024-04-18,5,3,1,Discovery,0.0,41.7,5
415,26,2024-04-25,0,2,1,,0.0,46.4,3
416,26,2024-05-04,4,2,0,,0.0,37.7,11
417,26,2024-05-14,5,0,0,Proposal,0.0,30.7,4
418,26,2024-05-20,0,1,1,,0.0,27.7,10
419,26,2024-05-30,0,2,0,,-11696.04,29.2,3
420,26,2024-06-05,5,0,1,,0.0,32.1,13
421,26,2024-06-13,5,2,1,Negotiation,0.0,12.5,5
422,26,2024-06-21,5,0,0,,0.0,7.6,5
423,26,2024-06-28,4,0,1,,0.0,23.5,8
424,26,2024-07-07,3,4,0,Closed Lost,0.0,11.0,6
425,26,2024-07-17,1,2,0,,0.0,15.9,2
426,26,2024-07-26,1,4,1,,-10896.44,12.2,6
427,27,2024-02-10,0,1,1,,-941.21,20.3,8
428,27,2024-02-17,2,2,0,,-2843.62,25.7,10
429,27,2024-02-22,2,1,0,,0.0,31.2,4
430,27,2024-02-27,4,1,1,,394.68,42.7,11
431,27,2024-03-02,0,2,1,Discovery,0.0,41.9,5
432,27,2024-03-10,0,1,0,,0.0,38.2,1
433,27,2024-03-17,1,2,1,,0.0,56.6,9
434,27,2024-03-22,3,2,0,Proposal,0.0,57.8,9
435,27,2024-03-28,1,3,1,,0.0,58.9,3
436,27,2024-04-02,1,2,1,,0.0,58.5,6
437,27,2024-04-09,2,3,1,,0.0,58.4,10
438,27,2024-04-15,0,1,1,Negotiation,0.0,70.6,2
439,27,2024-04-21,4,2,0,,0.0,70.4,5
440,27,2024-04-25,0,0,1,,0.0,84.7,10
441,27,2024-05-03,0,1,0,Closed Won,-2391.92,82.2,6
442,27,2024-05-09,3,0,0,,0.0,85.5,1
443,27,2024-05-13,3,3,0,,-3781.88,95,3
444,28,2024-05-15,0,0,0,,0.0,11.0,7
445,28,2024-05-20,3,3,1,,-3708.69,27.6,3
446,28,2024-05-25,2,2,0,,0.0,20.9,10
447,28,2024-05-30,1,2,0,,0.0,39.5,2
448,28,2024-06-05,2,3,1,Discovery,0.0,29.8,9
449,28,2024-06-11,1,0,0,,0.0,45.4,9
450,28,2024-06-17,3,2,0,,0.0,43.7,3
451,28,2024-06-25,0,2,0,,0.0,38.2,5
452,28,2024-07-02,0,3,0,Proposal,0.0,56.9,3
453,28,2024-07-07,0,1,0,,0.0,50.9,12
454,28,2024-07-16,0,1,0,,0.0,69.1,3
455,28,2024-07-25,1,1,0,,0.0,69.5,10
456,28,2024-08-01,0,2,0,,0.0,68.6,4
457,28,2024-08-06,3,2,1,Negotiation,1321.62,62.1,1
458,28,2024-08-11,4,3,1,,0.0,83.6,3
459,28,2024-08-16,2,1,0,,0.0,86.1,1
460,28,2024-08-22,1,1,0,,0.0,90.1,2
461,28,2024-08-30,2,3,0,Closed Won,0.0,83.8,3
462,28,2024-09-05,3,3,0,,0.0,84.5,12
463,28,2024-09-10,4,2,1,,-2511.3,95,12
464,29,2024-03-10,1,2,0,,0.0,14.8,3
465,29,2024-03-17,0,2,0,,0.0,20.3,2
466,29,2024-03-23,2,2,0,,-321.26,34.4,7
467,29,2024-03-29,1,3,0,Discovery,0.0,32.6,2
468,29,2024-04-03,3,1,1,,0.0,31.5,5
469,29,2024-04-12,0,2,1,,0.0,37.1,7
470,29,2024-04-20,1,0,0,Proposal,488.96,58.0,10
471,29,2024-04-29,3,0,0,,0.0,58.1,7
472,29,2024-05-04,1,0,1,,1025.42,54.1,12
473,29,2024-05-10,4,2,0,,-556.91,60.9,9
474,29,2024-05-19,3,1,1,Negotiation,1684.27,60.1,11
475,29,2024-05-26,4,3,1,,-1082.58,65.5,2
476,29,2024-06-04,3,0,0,,0.0,77.9,11
477,29,2024-06-10,2,0,0,Closed Won,0.0,82.8,7
478,29,2024-06-19,2,1,0,,0.0,85.3,4
479,29,2024-06-24,2,0,1,,874.33,95,9
480,30,2024-06-20,0,1,1,,5570.23,55.1,4
481,30,2024-06-28,1,1,1,,0.0,38.6,4
482,30,2024-07-07,1,2,0,,0.0,48.5,2
483,30,2024-07-13,3,3,0,Discovery,0.0,48.1,1
484,30,2024-07-22,4,3,1,,0.0,31.0,10
485,30,2024-07-27,0,0,0,,0.0,27.0,9
486,30,2024-08-04,2,3,1,Proposal,0.0,35.1,8
487,30,2024-08-13,0,1,1,,0.0,21.9,12
488,30,2024-08-21,3,0,0,,0.0,33.6,1
489,30,2024-08-30,3,2,0,,0.0,13.4,5
490,30,2024-09-07,2,2,0,Negotiation,0.0,27.2,4
491,30,2024-09-16,1,2,0,,0.0,15.9,5
492,30,2024-09-22,3,0,1,,0.0,8.2,12
493,30,2024-09-30,3,2,0,Closed Lost,-2172.08,11.3,9
494,30,2024-10-07,3,1,0,,0.0,8.5,3
495,30,2024-10-12,1,1,0,,0.0,5,6
496,31,2024-02-01,9,8,0,,0.0,13.3,12
497,31,2024-02-10,1,4,1,,0.0,16.4,13
498,31,2024-02-20,3,3,0,,0.0,34.3,7
499,31,2024-03-01,8,0,0,Discovery,0.0,45.4,8
500,31,2024-03-12,2,2,0,,0.0,31.6,13
501,31,2024-03-24,4,4,0,,0.0,44.3,5
502,31,2024-04-04,3,7,0,Proposal,0.0,52.6,10
503,31,2024-04-12,1,0,0,,0.0,60.7,6
504,31,2024-04-20,8,9,0,,-32712.22,58.8,5
505,31,2024-04-29,10,5,0,,0.0,63.4,15
506,31,2024-05-09,10,4,1,Negotiation,0.0,73.9,1
507,31,2024-05-20,9,6,0,,0.0,82.5,11
508,31,2024-06-01,7,4,1,Closed Won,0.0,82.7,1
509,31,2024-06-12,9,9,0,,0.0,86.5,11
510,31,2024-06-21,8,7,0,,0.0,95,14
511,32,2024-06-05,6,6,0,,0.0,17.4,8
512,32,2024-06-13,1,3,1,,0.0,27.7,10
513,32,2024-06-24,1,3,0,,0.0,30.0,7
514,32,2024-07-02,4,3,1,Discovery,-12587.54,42.1,7
515,32,2024-07-11,7,1,0,,0.0,44.3,8
516,32,2024-07-18,5,5,0,,-2013.76,41.3,4
517,32,2024-07-28,2,4,0,Proposal,0.0,49.8,2
518,32,2024-08-05,2,4,0,,0.0,53.6,8
519,32,2024-08-14,6,0,1,,0.0,54.0,1
520,32,2024-08-25,5,6,0,,0.0,58.8,11
521,32,2024-09-02,3,1,0,Negotiation,-4890.88,66.9,10
522,32,2024-09-11,4,1,1,,0.0,65.9,8
523,32,2024-09-18,5,3,0,,0.0,89.9,8
524,32,2024-09-26,5,6,1,Closed Won,0.0,94.0,7
525,32,2024-10-05,0,1,1,,0.0,95,1
526,32,2024-10-13,2,0,0,,15814.85,95,5
527,33,2024-11-01,11,2,1,,-7517.21,33.7,2
528,33,2024-11-06,10,8,1,,31412.01,34.8,2
529,33,2024-11-11,8,11,0,,0.0,31.0,8
530,33,2024-11-12,3,9,1,,0.0,33.3,4
531,33,2024-11-17,5,11,0,,0.0,33.9,4
532,33,2024-11-18,11,7,0,Discovery,0.0,33.4,2
533,33,2024-11-19,9,10,0,,0.0,55.0,2
534,33,2024-11-20,11,11,1,,0.0,43.8,5
535,33,2024-11-21,4,7,1,,0.0,57.6,5
536,33,2024-11-22,5,10,0,,24529.38,58.8,1
537,33,2024-11-26,0,2,0,,0.0,50.1,8
538,33,2024-11-30,9,4,0,,0.0,51.2,3
539,33,2024-12-04,1,6,0,,0.0,61.1,8
540,33,2024-12-05,12,6,0,,18636.14,70.6,1
541,33,2024-12-10,2,1,0,,0.0,69.1,8
542,33,2024-12-13,2,9,0,,17524.09,67.2,3
543,34,2024-03-20,4,0,0,,0.0,24.5,11
544,34,2024-03-28,3,1,0,,0.0,25.9,1
545,34,2024-04-05,0,1,0,,0.0,28.8,3
546,34,2024-04-10,0,3,0,,0.0,30.7,9
547,34,2024-04-18,1,3,0,Discovery,0.0,33.4,10
548,34,2024-04-26,3,0,0,,-32.83,42.4,11
549,34,2024-05-01,0,0,0,,0.0,38.8,2
550,34,2024-05-06,4,2,0,Proposal,0.0,54.1,8
551,34,2024-05-13,2,2,0,,0.0,63.8,6
552,34,2024-05-20,4,3,0,,0.0,59.5,2
553,34,2024-05-25,1,0,0,,0.0,73.5,5
554,34,2024-06-03,4,2,0,Negotiation,-4494.39,62.5,12
555,34,2024-06-12,3,0,1,,4402.43,70.2,4
556,34,2024-06-21,3,1,0,,0.0,73.1,11
557,34,2024-06-27,4,0,0,Closed Won,0.0,84.6,9
558,34,2024-07-04,1,3,1,,0.0,95,7
559,34,2024-07-13,4,3,0,,0.0,95,12
560,35,2024-07-01,2,3,0,,0.0,12.8,9
561,35,2024-07-09,2,2,0,,0.0,33.7,4
562,35,2024-07-14,1,2,0,,1430.7,38.4,3
563,35,2024-07-19,4,2,0,Discovery,0.0,40.2,10
564,35,2024-07-23,4,3,0,,0.0,47.9,7
565,35,2024-07-30,0,0,1,,0.0,37.9,4
566,35,2024-08-07,2,1,0,Proposal,-2978.18,53.7,5
567,35,2024-08-15,1,0,0,,0.0,54.1,11
568,35,2024-08-21,4,1,0,,0.0,61.2,5
569,35,2024-08-29,0,3,0,,0.0,74.1,6
570,35,2024-09-05,4,0,1,Negotiation,0.0,65.0,8
571,35,2024-09-12,1,2,0,,0.0,75.9,4
572,35,2024-09-20,2,3,1,,-2218.19,83.7,9
573,35,2024-09-25,0,3,1,Closed Won,0.0,80.6,3
574,35,2024-10-01,4,2,1,,0.0,89.3,1
575,35,2024-10-08,1,2,0,,0.0,95,11
576,36,2023-12-10,6,0,0,,0.0,27.7,6
577,36,2023-12-17,5,2,1,,0.0,30.1,9
578,36,2023-12-25,0,0,0,,0.0,28.9,10
579,36,2024-01-03,3,0,0,Discovery,0.0,31.4,2
580,36,2024-01-12,6,2,0,,0.0,35.7,6
581,36,2024-01-19,7,3,1,,673.89,53.0,2
582,36,2024-01-24,2,6,0,Proposal,8261.25,40.1,4
583,36,2024-01-31,6,6,1,,0.0,55.8,12
584,36,2024-02-09,6,5,0,,0.0,51.4,1
585,36,2024-02-15,7,5,0,,14269.42,56.8,9
586,36,2024-02-21,1,4,0,Negotiation,0.0,78.2,8
587,36,2024-03-01,6,3,0,,-23963.9,72.8,12
588,36,2024-03-06,1,6,0,,0.0,70.9,6
589,36,2024-03-15,1,2,0,Closed Won,12865.8,81.0,8
590,36,2024-03-21,6,3,0,,-13586.51,80.6,12
591,36,2024-03-29,6,6,0,,0.0,95,3
592,37,2024-04-12,1,2,1,,0.0,28.1,3
593,37,2024-04-19,1,1,1,,-9240.62,31.7,10
594,37,2024-04-26,0,4,0,,0.0,31.0,2
595,37,2024-05-01,2,0,1,Discovery,0.0,36.6,6
596,37,2024-05-10,1,1,1,,0.0,42.4,6
597,37,2024-05-19,3,3,0,,0.0,48.2,3
598,37,2024-05-25,4,4,0,Proposal,0.0,46.3,1
599,37,2024-05-30,2,1,0,,0.0,59.2,5
600,37,2024-06-04,2,1,0,,0.0,56.6,8
601,37,2024-06-09,2,2,0,,0.0,57.2,2
602,37,2024-06-18,2,1,0,Negotiation,0.0,63.9,11
603,37,2024-06-27,0,0,0,,0.0,82.0,10
604,37,2024-07-05,4,3,0,,-6942.13,74.3,9
605,37,2024-07-14,3,1,0,Closed Won,0.0,79.5,12
606,37,2024-07-23,2,1,0,,0.0,90.2,9
607,37,2024-07-28,0,1,0,,0.0,95,3
608,38,2024-10-15,5,3,1,,0.0,24.1,6
609,38,2024-10-21,6,7,0,,9060.01,40.3,2
610,38,2024-10-24,8,4,0,,0.0,30.6,3
611,38,2024-10-29,6,6,0,,0.0,41.1,9
612,38,2024-11-01,4,6,0,,0.0,35.1,6
613,38,2024-11-04,7,7,0,Discovery,0.0,33.5,8
614,38,2024-11-10,2,3,1,,0.0,48.9,3
615,38,2024-11-16,2,5,0,,0.0,55.0,7
616,38,2024-11-19,5,1,0,,0.0,50.9,3
617,38,2024-11-24,6,0,1,Negotiation,0.0,46.6,3
618,38,2024-11-28,8,0,0,,25769.26,49.6,9
619,38,2024-11-30,6,0,0,,0.0,63.9,2
620,38,2024-12-03,3,7,0,,0.0,61.4,4
621,38,2024-12-08,6,2,0,,9738.57,71.1,5
622,38,2024-12-11,2,5,0,,-7429.11,69.3,3
623,38,2024-12-13,1,0,1,,0.0,77.2,7
624,39,2024-02-28,4,0,0,,0.0,25.5,9
625,39,2024-03-04,3,2,0,,0.0,29.3,8
626,39,2024-03-12,3,2,0,,0.0,35.5,10
627,39,2024-03-16,0,3,1,Discovery,0.0,35.6,2
628,39,2024-03-21,2,3,1,,0.0,31.5,1
629,39,2024-03-28,4,0,0,,0.0,44.3,6
630,39,2024-04-05,3,2,1,Proposal,0.0,50.7,5
631,39,2024-04-13,4,3,0,,0.0,59.7,7
632,39,2024-04-17,1,3,0,,366.38,64.0,8
633,39,2024-04-25,2,2,0,,0.0,73.7,3
634,39,2024-05-03,0,1,0,Negotiation,-1770.36,77.6,7
635,39,2024-05-07,2,0,1,,-2535.25,88.2,3
636,39,2024-05-11,3,3,1,Closed Won,0.0,79.5,10
637,39,2024-05-18,0,3,0,,0.0,87.7,5
638,39,2024-05-23,4,0,0,,0.0,95,8
639,40,2024-05-20,2,3,0,,0.0,47.9,9
640,40,2024-05-25,0,0,0,,0.0,48.3,9
641,40,2024-05-31,4,2,0,,0.0,51.0,4
642,40,2024-06-09,3,3,0,,0.0,37.3,2
643,40,2024-06-16,4,0,0,Discovery,126.22,36.2,5
644,40,2024-06-22,4,2,0,,0.0,46.1,4
645,40,2024-06-27,2,3,0,,0.0,42.0,8
646,40,2024-07-06,0,2,1,Proposal,0.0,34.1,11
647,40,2024-07-15,1,2,0,,0.0,25.9,12
648,40,2024-07-24,2,1,1,,0.0,24.2,6
649,40,2024-07-30,0,1,0,,0.0,20.6,5
650,40,2024-08-08,1,1,0,,0.0,14.9,5
651,40,2024-08-14,1,1,1,Negotiation,0.0,13.2,3
652,40,2024-08-19,0,0,0,,0.0,19.1,10
653,40,2024-08-26,0,0,0,,0.0,10.4,10
654,40,2024-09-01,2,3,1,Closed Lost,0.0,15.6,7
655,40,2024-09-06,1,1,1,,0.0,13.6,9
656,40,2024-09-12,0,2,0,,4526.82,8.7,12
657,41,2024-03-15,3,2,0,,0.0,20.0,6
658,41,2024-03-22,2,3,1,,364.29,18.0,4
659,41,2024-03-28,0,2,0,,0.0,29.9,4
660,41,2024-04-02,1,1,0,,0.0,23.4,3
661,41,2024-04-05,4,2,0,Discovery,0.0,33.6,10
662,41,2024-04-08,0,3,1,,0.0,35.3,5
663,41,2024-04-12,3,0,0,,0.0,43.2,9
664,41,2024-04-18,4,2,0,Proposal,0.0,49.1,10
665,41,2024-04-25,1,1,0,,0.0,51.0,9
666,41,2024-04-28,3,3,0,,0.0,57.3,3
667,41,2024-05-03,1,2,0,,0.0,66.4,2
668,41,2024-05-08,0,1,0,,0.0,64.8,5
669,41,2024-05-15,4,3,1,Negotiation,0.0,71.8,6
670,41,2024-05-20,4,3,0,,1093.31,71.0,5
671,41,2024-05-24,0,1,1,,1817.72,73.8,9
672,41,2024-05-31,0,0,0,Closed Won,0.0,86.7,2
673,41,2024-06-05,2,1,1,,0.0,95,4
674,41,2024-06-09,1,2,0,,0.0,87.5,3
675,42,2024-06-01,3,3,0,,0.0,52.8,6
676,42,2024-06-06,3,1,0,,0.0,45.6,5
677,42,2024-06-11,1,2,1,,0.0,44.0,3
678,42,2024-06-18,2,2,0,Discovery,0.0,30.5,8
679,42,2024-06-25,2,0,0,,0.0,43.1,1
680,42,2024-07-03,4,2,1,,0.0,41.6,4
681,42,2024-07-11,1,3,0,Proposal,902.33,25.1,9
682,42,2024-07-20,4,2,1,,0.0,32.4,7
683,42,2024-07-27,1,0,1,,0.0,20.1,10
684,42,2024-08-05,3,2,0,,0.0,20.9,3
685,42,2024-08-13,0,0,1,Negotiation,0.0,9.9,12
686,42,2024-08-19,3,0,1,,0.0,7.7,6
687,42,2024-08-28,3,2,0,Closed Lost,0.0,11.4,12
688,42,2024-09-03,0,2,1,,-1681.17,13.2,7
689,42,2024-09-12,0,3,1,,0.0,12.9,7
690,43,2024-01-25,4,0,1,,7672.89,22.8,11
691,43,2024-01-30,1,0,1,,5828.93,23.1,10
692,43,2024-02-04,0,3,0,,5612.81,19.0,8
693,43,2024-02-10,4,1,0,,-8090.25,25.0,10
694,43,2024-02-18,2,0,1,Discovery,0.0,40.5,2
695,43,2024-02-26,1,3,1,,0.0,51.7,6
696,43,2024-03-03,3,1,1,,0.0,44.0,5
697,43,2024-03-08,0,3,0,Proposal,0.0,52.1,8
698,43,2024-03-14,1,1,0,,0.0,51.8,10
699,43,2024-03-22,4,1,1,,0.0,52.8,5
700,43,2024-03-27,4,2,0,,0.0,69.6,12
701,43,2024-04-05,1,0,0,,0.0,65.8,6
702,43,2024-04-11,0,3,1,Negotiation,0.0,76.6,3
703,43,2024-04-19,4,2,0,,459.37,80.2,2
704,43,2024-04-27,0,1,1,,-6105.99,72.4,1
705,43,2024-05-04,4,3,0,Closed Won,0.0,86.7,5
706,43,2024-05-11,0,2,1,,8336.5,94.9,11
707,43,2024-05-17,3,0,0,,0.0,95,12
708,44,2024-05-10,1,1,0,,0.0,29.0,9
709,44,2024-05-18,3,0,0,,0.0,25.9,12
710,44,2024-05-25,3,0,1,,0.0,22.4,6
711,44,2024-05-30,1,3,0,,0.0,41.3,6
712,44,2024-06-08,2,3,0,Discovery,0.0,36.3,10
713,44,2024-06-15,1,1,0,,0.0,43.1,6
714,44,2024-06-24,3,3,0,,-3340.53,36.5,1
715,44,2024-06-29,4,1,0,Proposal,0.0,46.9,4
716,44,2024-07-04,1,2,1,,0.0,61.7,5
717,44,2024-07-11,4,1,1,,-3642.68,58.9,10
718,44,2024-07-16,1,1,1,,0.0,60.1,10
719,44,2024-07-22,1,0,0,,5048.43,74.4,12
720,44,2024-07-31,4,0,0,Negotiation,0.0,68.9,10
721,44,2024-08-05,3,0,0,,0.0,85.8,7
722,44,2024-08-10,3,0,0,,0.0,76.3,10
723,44,2024-08-16,0,3,1,Closed Won,0.0,86.7,10
724,44,2024-08-25,1,2,0,,3589.47,85.0,7
725,44,2024-09-02,3,0,1,,0.0,90.8,3
726,45,2024-03-01,1,3,0,,0.0,21.4,4
727,45,2024-03-04,1,0,1,,0.0,23.6,2
728,45,2024-03-05,0,3,0,,0.0,27.0,1
729,45,2024-03-09,2,1,0,Discovery,0.0,37.3,8
730,45,2024-03-14,4,1,0,,0.0,48.5,6
731,45,2024-03-15,1,0,1,,0.0,36.1,3
732,45,2024-03-20,2,0,0,Proposal,0.0,56.1,8
733,45,2024-03-24,0,2,1,,0.0,55.8,5
734,45,2024-03-27,4,3,0,,0.0,69.8,1
735,45,2024-03-28,3,0,1,,0.0,56.2,5
736,45,2024-04-01,0,3,0,Negotiation,0.0,60.2,5
737,45,2024-04-06,2,0,1,,0.0,82.3,4
738,45,2024-04-10,3,0,0,,0.0,79.7,2
739,45,2024-04-12,1,1,0,Closed Won,0.0,84.2,1
740,45,2024-04-14,0,1,0,,0.0,86.1,3
741,45,2024-04-18,0,2,0,,0.0,92.1,5
742,46,2024-05-15,3,1,0,,0.0,48.5,10
743,46,2024-05-20,2,3,0,,351.51,41.1,4
744,46,2024-05-27,1,2,0,,0.0,52.0,7
745,46,2024-06-04,1,1,0,Discovery,0.0,42.1,2
746,46,2024-06-09,1,2,0,,-1541.16,30.9,7
747,46,2024-06-18,3,2,0,,0.0,43.7,12
748,46,2024-06-25,2,1,0,Proposal,2230.8,24.1,10
749,46,2024-07-01,4,2,0,,0.0,31.2,4
750,46,2024-07-07,0,2,1,,2942.18,31.6,8
751,46,2024-07-14,2,1,0,,-2607.29,22.8,1
752,46,2024-07-22,3,0,0,Negotiation,0.0,29.0,11
753,46,2024-07-28,1,1,1,,0.0,25.5,10
754,46,2024-08-02,3,2,0,,0.0,21.8,1
755,46,2024-08-10,4,3,0,Closed Lost,0.0,8.9,10
756,46,2024-08-19,4,0,0,,0.0,7.0,1
757,46,2024-08-28,1,3,0,,0.0,5,11
758,47,2024-03-08,3,0,0,,0.0,12.3,12
759,47,2024-03-13,4,1,0,,-486.35,21.5,12
760,47,2024-03-19,1,3,1,,0.0,26.5,12
761,47,2024-03-26,1,0,1,Discovery,0.0,39.1,2
762,47,2024-04-03,4,3,0,,0.0,49.5,3
763,47,2024-04-11,3,3,1,,0.0,38.4,11
764,47,2024-04-18,1,1,0,Proposal,0.0,43.6,7
765,47,2024-04-25,2,2,0,,0.0,64.2,3
766,47,2024-05-03,0,1,0,,0.0,50.1,1
767,47,2024-05-09,3,3,0,,4018.38,65.9,4
768,47,2024-05-17,1,3,0,Negotiation,0.0,68.8,1
769,47,2024-05-24,1,2,0,,0.0,76.2,1
770,47,2024-06-02,1,1,1,,-4909.46,77.0,10
771,47,2024-06-07,4,2,0,Closed Won,5184.22,76.8,3
772,47,2024-06-16,2,1,0,,0.0,95.0,1
773,47,2024-06-22,0,2,0,,0.0,95,7
774,48,2024-07-15,0,3,0,,0.0,22.1,5
775,48,2024-07-22,3,2,1,,0.0,25.9,3
776,48,2024-07-25,4,3,0,,0.0,31.5,3
777,48,2024-07-30,4,1,0,,-3712.9,42.8,2
778,48,2024-08-05,1,3,0,Discovery,0.0,34.3,4
779,48,2024-08-09,0,1,0,,-1557.78,37.1,9
780,48,2024-08-12,2,0,1,,0.0,43.1,10
781,48,2024-08-17,4,0,0,Proposal,0.0,44.8,8
782,48,2024-08-22,3,0,0,,0.0,54.9,9
783,48,2024-08-29,2,3,0,,0.0,58.0,9
784,48,2024-09-04,2,2,0,,0.0,54.5,6
785,48,2024-09-11,2,0,0,,3772.23,64.1,9
786,48,2024-09-15,1,3,1,Negotiation,0.0,65.3,5
787,48,2024-09-19,2,0,1,,0.0,69.1,6
788,48,2024-09-26,3,2,1,,2222.56,77.8,4
789,48,2024-09-29,0,3,0,Closed Won,0.0,92.2,3
790,48,2024-10-02,1,2,0,,0.0,95,6
791,48,2024-10-09,1,0,0,,0.0,95,3
792,49,2024-01-20,0,2,0,,0.0,14.2,5
793,49,2024-01-26,2,2,0,,0.0,28.1,3
794,49,2024-01-31,2,0,1,,0.0,31.8,4
795,49,2024-02-08,4,2,0,,0.0,29.5,5
796,49,2024-02-16,4,1,1,Discovery,0.0,35.0,9
797,49,2024-02-25,3,0,1,,0.0,42.9,2
798,49,2024-03-01,3,0,1,,0.0,46.0,10
799,49,2024-03-06,3,2,0,Proposal,0.0,59.2,11
800,49,2024-03-13,4,0,0,,0.0,62.6,3
801,49,2024-03-18,0,3,1,,0.0,58.4,8
802,49,2024-03-27,3,1,0,,0.0,59.7,5
803,49,2024-04-01,2,3,1,Negotiation,0.0,79.9,6
804,49,2024-04-08,3,3,1,,0.0,75.8,8
805,49,2024-04-16,1,2,0,,-6670.74,83.0,12
806,49,2024-04-21,0,2,0,Closed Won,0.0,77.0,8
807,49,2024-04-26,3,3,1,,-296.11,85.2,2
808,49,2024-05-05,2,1,0,,0.0,95,7
809,50,2024-04-22,1,2,0,,6752.43,11.4,7
810,50,2024-05-01,2,3,0,,0.0,16.2,3
811,50,2024-05-08,4,0,0,,0.0,33.2,5
812,50,2024-05-17,3,4,0,Discovery,0.0,28.9,6
813,50,2024-05-23,2,4,0,,0.0,43.6,7
814,50,2024-05-29,5,2,0,,0.0,46.7,9
815,50,2024-06-03,3,1,0,Proposal,0.0,41.2,1
816,50,2024-06-12,0,4,0,,0.0,52.2,1
817,50,2024-06-20,1,3,0,,0.0,57.9,7
818,50,2024-06-25,3,3,0,,-7760.02,59.2,9
819,50,2024-07-04,3,2,0,Negotiation,0.0,63.1,11
820,50,2024-07-13,1,1,1,,8275.11,78.0,11
821,50,2024-07-21,3,1,1,,0.0,82.8,8
822,50,2024-07-28,5,4,0,Closed Won,0.0,87.5,7
823,50,2024-08-06,4,3,0,,0.0,84.5,1
824,50,2024-08-11,4,3,0,,0.0,89.7,7
825,51,2024-10-08,0,0,1,,0.0,32.6,2
826,51,2024-10-14,4,2,0,,0.0,40.6,1
827,51,2024-10-20,3,3,0,,0.0,34.4,7
828,51,2024-10-24,2,2,1,,0.0,28.2,5
829,51,2024-10-26,4,2,1,,-8295.03,39.5,5
830,51,2024-10-28,4,0,1,Discovery,0.0,34.2,5
831,51,2024-11-03,2,1,0,,0.0,40.5,2
832,51,2024-11-08,4,1,0,,0.0,52.3,6
833,51,2024-11-12,1,2,0,,506.69,44.7,1
834,51,2024-11-14,2,0,0,,0.0,54.4,8
835,51,2024-11-20,3,3,1,Proposal,0.0,53.8,4
836,51,2024-11-25,4,2,1,,0.0,52.8,1
837,51,2024-11-27,1,3,0,,0.0,56.0,9
838,51,2024-11-30,1,3,0,,0.0,60.3,9
839,51,2024-12-06,3,0,1,,0.0,70.9,6
840,51,2024-12-10,4,0,1,,0.0,68.1,7
841,51,2024-12-15,4,2,0,,2855.35,65.3,7
842,52,2024-01-12,0,3,0,,0.0,24.5,1
843,52,2024-01-20,0,0,1,,0.0,26.9,4
844,52,2024-01-26,4,0,0,,0.0,22.4,3
845,52,2024-02-04,3,1,0,Discovery,0.0,38.9,8
846,52,2024-02-10,0,3,0,,0.0,35.5,11
847,52,2024-02-19,2,2,1,,0.0,36.5,7
848,52,2024-02-26,3,2,0,Proposal,0.0,45.2,3
849,52,2024-03-03,3,0,0,,0.0,63.6,3
850,52,2024-03-10,3,0,1,,0.0,65.4,11
851,52,2024-03-19,0,3,0,,1013.09,57.1,5
852,52,2024-03-24,3,0,0,Negotiation,0.0,63.0,1
853,52,2024-03-29,3,2,1,,0.0,71.6,1
854,52,2024-04-03,4,3,0,,0.0,78.1,2
855,52,2024-04-08,4,1,1,Closed Won,0.0,94.1,8
856,52,2024-04-16,0,2,0,,7057.62,86.1,11
857,52,2024-04-21,0,2,0,,-573.12,95,5
858,53,2024-04-30,0,1,0,,0.0,11.3,5
859,53,2024-05-06,3,3,0,,0.0,15.0,6
860,53,2024-05-12,0,3,1,,0.0,35.5,8
861,53,2024-05-21,4,1,0,,2778.42,28.7,8
862,53,2024-05-26,0,3,0,Discovery,0.0,41.1,11
863,53,2024-06-03,1,0,1,,0.0,34.4,2
864,53,2024-06-09,3,1,0,,0.0,39.4,2
865,53,2024-06-16,3,1,1,Proposal,0.0,46.9,12
866,53,2024-06-24,3,2,1,,0.0,61.2,6
867,53,2024-06-29,1,0,0,,-4233.41,58.9,7
868,53,2024-07-06,1,2,0,,0.0,65.6,1
869,53,2024-07-14,1,0,0,Negotiation,0.0,74.2,3
870,53,2024-07-19,0,3,1,,0.0,66.4,12
871,53,2024-07-27,4,2,0,,0.0,87.1,12
872,53,2024-08-02,1,1,1,Closed Won,0.0,81.0,4
873,53,2024-08-08,1,0,0,,0.0,94.7,2
874,53,2024-08-13,2,2,0,,5741.92,95,2
875,54,2024-03-05,0,2,1,,0.0,18.7,8
876,54,2024-03-13,0,0,0,,2426.68,33.2,8
877,54,2024-03-19,4,0,1,,0.0,24.1,10
878,54,2024-03-27,2,3,1,,0.0,37.6,2
879,54,2024-04-04,2,1,1,Discovery,0.0,43.5,7
880,54,2024-04-09,1,0,0,,0.0,43.1,3
881,54,2024-04-16,1,3,1,,0.0,45.6,4
882,54,2024-04-21,2,2,1,Proposal,0.0,45.4,1
883,54,2024-04-27,2,1,1,,0.0,56.8,6
884,54,2024-05-01,1,2,0,,0.0,68.0,10
885,54,2024-05-06,1,1,1,,0.0,74.0,4
886,54,2024-05-10,4,3,0,Negotiation,0.0,67.1,4
887,54,2024-05-15,1,2,0,,0.0,70.7,3
888,54,2024-05-22,4,0,0,,0.0,71.8,9
889,54,2024-05-29,0,3,0,Closed Won,0.0,85.2,2
890,54,2024-06-03,3,3,1,,1970.18,91.5,4
891,54,2024-06-08,1,2,1,,-171.84,95,5
892,55,2024-06-15,0,2,0,,0.0,45.4,9
893,55,2024-06-22,4,1,0,,0.0,38.8,12
894,55,2024-07-01,0,2,0,,0.0,36.6,10
895,55,2024-07-11,0,2,0,,0.0,44.5,9
896,55,2024-07-21,1,1,0,Discovery,-258.08,33.5,13
897,55,2024-07-27,4,1,0,,0.0,41.2,5
898,55,2024-08-05,4,3,1,,0.0,24.4,8
899,55,2024-08-14,4,0,0,Proposal,0.0,31.0,5
900,55,2024-08-21,3,2,0,,0.0,36.4,2
901,55,2024-08-30,1,3,1,,5499.08,22.5,2
902,55,2024-09-06,0,1,1,,0.0,25.8,4
903,55,2024-09-14,4,0,1,Negotiation,0.0,28.5,3
904,55,2024-09-23,3,2,0,,-3731.27,21.0,1
905,55,2024-09-29,1,2,0,,0.0,10.3,6
906,55,2024-10-05,3,3,0,Closed Lost,0.0,12.0,5
907,55,2024-10-14,1,2,1,,0.0,5.3,1
908,55,2024-10-22,1,2,1,,0.0,14.1,3
909,56,2024-02-05,0,2,0,,0.0,13.0,3
910,56,2024-02-13,4,2,1,,0.0,14.9,3
911,56,2024-02-19,3,2,1,,0.0,38.2,9
912,56,2024-02-24,2,2,0,,0.0,29.0,10
913,56,2024-02-29,1,3,0,Discovery,0.0,29.9,1
914,56,2024-03-05,1,0,0,,0.0,40.1,8
915,56,2024-03-10,2,0,0,,356.86,48.6,5
916,56,2024-03-15,1,0,1,Proposal,0.0,57.9,2
917,56,2024-03-19,4,3,1,,0.0,51.6,1
918,56,2024-03-23,2,3,1,,0.0,66.8,6
919,56,2024-03-29,0,2,0,,0.0,60.3,9
920,56,2024-04-06,0,1,0,,0.0,67.4,8
921,56,2024-04-11,2,1,0,Negotiation,0.0,82.3,7
922,56,2024-04-18,1,0,1,,0.0,73.4,9
923,56,2024-04-24,2,0,0,,0.0,83.6,1
924,56,2024-04-30,3,2,0,Closed Won,0.0,87.3,3
925,56,2024-05-05,1,1,0,,0.0,86.4,5
926,56,2024-05-10,4,2,0,,0.0,95,1
927,57,2024-05-08,2,3,0,,0.0,27.4,8
928,57,2024-05-14,0,2,0,,0.0,26.5,3
929,57,2024-05-21,4,0,1,,0.0,29.2,6
930,57,2024-05-28,1,0,1,Discovery,0.0,33.4,6
931,57,2024-06-05,0,2,1,,-3000.61,42.8,11
932,57,2024-06-10,1,0,0,,0.0,38.3,6
933,57,2024-06-17,2,2,0,Proposal,784.46,53.8,3
934,57,2024-06-25,0,1,0,,0.0,52.5,6
935,57,2024-07-01,1,0,1,,0.0,60.1,9
936,57,2024-07-09,4,0,0,,-3613.92,73.3,1
937,57,2024-07-15,3,2,0,Negotiation,0.0,67.3,10
938,57,2024-07-20,4,2,1,,0.0,71.1,2
939,57,2024-07-25,1,1,0,,0.0,72.8,3
940,57,2024-08-01,1,1,0,Closed Won,0.0,83.5,2
941,57,2024-08-09,0,0,0,,-3843.39,95,11
942,57,2024-08-14,4,0,0,,-1943.87,95,1
943,58,2024-10-20,4,0,1,,-5943.04,31.6,4
944,58,2024-10-21,2,1,0,,0.0,32.8,2
945,58,2024-10-22,1,4,0,,0.0,33.7,3
946,58,2024-10-27,3,0,1,,0.0,33.4,4
947,58,2024-10-29,4,1,0,,0.0,43.6,8
948,58,2024-11-03,0,4,1,,0.0,45.8,1
949,58,2024-11-05,0,2,0,Discovery,0.0,40.3,5
950,58,2024-11-07,5,3,1,,0.0,42.9,7
951,58,2024-11-10,1,0,0,,0.0,52.9,6
952,58,2024-11-11,1,0,0,,-1300.77,48.8,2
953,58,2024-11-12,0,1,0,,0.0,55.0,3
954,58,2024-11-14,0,2,0,,0.0,49.9,7
955,58,2024-11-17,0,1,0,,0.0,59.8,5
956,58,2024-11-22,5,3,0,,0.0,60.7,8
957,58,2024-11-25,4,2,1,,-223.83,58.6,4
958,58,2024-11-28,5,1,1,,0.0,66.3,8
959,58,2024-11-30,5,0,0,,0.0,61.3,3
960,58,2024-12-05,2,4,0,,0.0,71.0,8
961,58,2024-12-10,3,1,1,,0.0,67.9,6
962,58,2024-12-12,4,4,1,,0.0,75.3,2
963,59,2024-04-10,3,0,0,,0.0,19.8,9
964,59,2024-04-16,4,3,0,,0.0,31.8,7
965,59,2024-04-22,2,3,0,,0.0,26.9,5
966,59,2024-04-27,2,0,1,,0.0,25.0,6
967,59,2024-05-03,4,0,0,Discovery,0.0,41.3,7
968,59,2024-05-09,2,2,0,,0.0,34.6,4
969,59,2024-05-15,2,0,0,,0.0,39.4,6
970,59,2024-05-18,1,0,0,Proposal,0.0,43.6,7
971,59,2024-05-21,4,3,1,,0.0,61.4,6
972,59,2024-05-25,3,3,0,,0.0,54.1,4
973,59,2024-06-01,2,3,0,,0.0,72.2,10
974,59,2024-06-06,2,2,0,Negotiation,0.0,65.6,2
975,59,2024-06-10,4,1,1,,0.0,67.2,7
976,59,2024-06-16,1,0,0,,0.0,82.5,5
977,59,2024-06-22,0,3,0,Closed Won,1133.09,82.6,9
978,59,2024-06-26,2,3,0,,0.0,86.6,5
979,59,2024-07-01,4,3,0,,0.0,95,9
980,60,2024-08-01,1,1,0,,0.0,55.3,7
981,60,2024-08-06,2,0,0,,0.0,53.9,5
982,60,2024-08-14,1,2,0,,0.0,38.7,3
983,60,2024-08-21,1,0,1,Discovery,0.0,47.5,9
984,60,2024-08-26,3,3,0,,-1999.63,28.7,5
985,60,2024-09-02,2,1,0,,0.0,25.8,1
986,60,2024-09-08,0,0,0,Proposal,2502.99,28.0,6
987,60,2024-09-16,0,3,0,,-2134.37,33.5,9
988,60,2024-09-24,0,2,0,,0.0,17.8,6
989,60,2024-10-01,2,3,0,,0.0,27.9,4
990,60,2024-10-09,1,0,1,Negotiation,0.0,29.4,5
991,60,2024-10-13,4,0,0,,0.0,14.5,6
992,60,2024-10-21,4,3,0,,0.0,8.9,3
993,60,2024-10-26,2,3,0,Closed Lost,2567.43,17.4,10
994,60,2024-11-01,0,0,0,,0.0,13.8,9
995,60,2024-11-08,3,2,0,,0.0,9.0,11
996,61,2024-03-12,0,2,0,,0.0,26.5,8
997,61,2024-03-16,3,2,0,,0.0,32.2,3
998,61,2024-03-24,2,0,0,,0.0,31.4,6
999,61,2024-03-29,3,0,0,,-820.63,36.9,11
1000,61,2024-04-05,1,0,0,Discovery,0.0,41.3,2
1001,61,2024-04-12,0,1,1,,0.0,47.7,11
1002,61,2024-04-16,1,3,0,,0.0,44.5,3
1003,61,2024-04-23,2,1,0,Proposal,0.0,59.3,4
1004,61,2024-04-29,0,3,0,,0.0,55.4,10
1005,61,2024-05-05,1,0,0,,0.0,70.6,11
1006,61,2024-05-09,1,0,0,,0.0,60.8,3
1007,61,2024-05-14,0,3,0,Negotiation,6641.48,73.6,3
1008,61,2024-05-20,4,0,1,,0.0,76.8,8
1009,61,2024-05-25,3,0,1,,0.0,75.0,5
1010,61,2024-05-30,2,3,0,Closed Won,0.0,84.3,4
1011,61,2024-06-06,2,1,0,,-3042.2,88.5,5
1012,61,2024-06-12,1,3,0,,0.0,92.4,8
1013,62,2024-06-25,2,0,1,,0.0,20.1,7
1014,62,2024-06-29,2,1,0,,0.0,25.4,5
1015,62,2024-07-03,1,3,0,,-1607.61,35.9,9
1016,62,2024-07-10,3,1,1,,0.0,28.8,8
1017,62,2024-07-15,2,2,0,Discovery,0.0,32.3,10
1018,62,2024-07-21,2,2,0,,0.0,34.1,8
1019,62,2024-07-28,1,3,1,,0.0,38.0,1
1020,62,2024-08-02,3,2,1,,3477.54,48.5,8
1021,62,2024-08-09,0,3,0,Proposal,0.0,57.5,8
1022,62,2024-08-16,0,1,1,,0.0,49.4,3
1023,62,2024-08-24,1,2,0,,0.0,64.9,1
1024,62,2024-08-30,4,1,0,,0.0,57.4,11
1025,62,2024-09-03,0,2,1,Negotiation,0.0,73.6,7
1026,62,2024-09-07,2,0,0,,2910.15,67.2,11
1027,62,2024-09-15,3,3,0,,0.0,73.7,6
1028,62,2024-09-19,0,3,0,,0.0,87.1,10
1029,62,2024-09-23,1,1,0,Closed Won,0.0,92.7,1
1030,62,2024-09-29,0,3,1,,0.0,85.9,7
1031,62,2024-10-04,0,0,0,,0.0,88.3,5
1032,63,2024-02-18,3,2,0,,0.0,18.5,6
1033,63,2024-02-23,4,1,0,,-712.15,23.5,8
1034,63,2024-02-27,1,1,0,,0.0,30.5,2
1035,63,2024-03-04,2,3,0,Discovery,0.0,43.1,3
1036,63,2024-03-11,1,2,0,,0.0,40.5,1
1037,63,2024-03-18,4,0,0,,0.0,45.3,7
1038,63,2024-03-24,0,3,0,Proposal,0.0,51.4,5
1039,63,2024-04-01,4,0,0,,0.0,45.3,8
1040,63,2024-04-06,1,1,0,,0.0,50.9,5
1041,63,2024-04-12,2,3,0,,0.0,64.0,6
1042,63,2024-04-16,1,1,1,Negotiation,0.0,74.9,11
1043,63,2024-04-22,0,3,0,,-1477.19,65.1,8
1044,63,2024-04-30,3,3,0,,0.0,89.3,8
1045,63,2024-05-05,2,2,0,Closed Won,0.0,94.3,5
1046,63,2024-05-12,0,1,1,,0.0,83.8,4
1047,63,2024-05-19,0,1,0,,0.0,87.9,11
1048,64,2024-05-28,1,1,1,,0.0,56.6,6
1049,64,2024-06-05,0,0,0,,0.0,51.6,8
1050,64,2024-06-10,4,2,1,,0.0,42.7,10
1051,64,2024-06-14,3,1,0,,0.0,42.6,6
1052,64,2024-06-20,4,0,1,Discovery,0.0,42.4,2
1053,64,2024-06-27,3,2,0,,1628.71,35.5,8
1054,64,2024-07-02,2,3,1,,0.0,28.5,6
1055,64,2024-07-09,4,3,1,Proposal,0.0,27.3,7
1056,64,2024-07-16,2,3,0,,0.0,35.7,5
1057,64,2024-07-20,0,3,1,,0.0,20.2,2
1058,64,2024-07-24,3,3,0,,-3469.46,17.7,5
1059,64,2024-07-29,2,1,1,,0.0,28.1,2
1060,64,2024-08-03,2,3,1,Negotiation,0.0,12.8,8
1061,64,2024-08-10,2,2,0,,0.0,21.0,9
1062,64,2024-08-17,2,1,0,,0.0,20.4,2
1063,64,2024-08-24,0,3,0,Closed Lost,0.0,19.5,2
1064,64,2024-08-28,4,0,0,,935.47,5,4
1065,64,2024-09-04,2,1,0,,0.0,9.2,8
1066,65,2024-04-05,3,2,0,,0.0,14.9,9
1067,65,2024-04-08,3,1,1,,0.0,22.7,8
1068,65,2024-04-12,4,2,0,,0.0,27.2,9
1069,65,2024-04-17,0,0,0,,0.0,30.5,7
1070,65,2024-04-22,0,3,0,Discovery,0.0,39.9,10
1071,65,2024-04-26,0,2,0,,0.0,48.5,5
1072,65,2024-04-29,2,2,1,,0.0,40.6,3
1073,65,2024-05-03,3,3,0,,0.0,56.9,10
1074,65,2024-05-09,3,2,0,Proposal,0.0,59.0,4
1075,65,2024-05-15,2,0,1,,0.0,54.2,3
1076,65,2024-05-18,4,2,1,,0.0,61.9,6
1077,65,2024-05-22,1,0,1,,0.0,71.8,4
1078,65,2024-05-28,2,3,0,Negotiation,-355.66,62.2,9
1079,65,2024-06-02,2,0,1,,-565.71,77.2,1
1080,65,2024-06-07,3,2,0,,0.0,84.4,10
1081,65,2024-06-14,4,1,0,,0.0,78.2,10
1082,65,2024-06-18,1,3,0,Closed Won,0.0,81.6,10
1083,65,2024-06-21,1,2,0,,0.0,83.8,7
1084,65,2024-06-26,0,0,1,,0.0,95,8
1085,66,2024-07-10,1,1,0,,0.0,49.7,12
1086,66,2024-07-15,4,0,0,,-2230.54,45.9,9
1087,66,2024-07-22,2,0,0,,466.47,41.7,1
1088,66,2024-07-31,4,1,1,Discovery,0.0,36.5,5
1089,66,2024-08-08,3,0,0,,0.0,30.0,1
1090,66,2024-08-17,2,2,1,,0.0,40.3,2
1091,66,2024-08-26,4,2,1,Proposal,0.0,21.6,5
1092,66,2024-09-04,4,3,0,,0.0,33.1,12
1093,66,2024-09-12,4,1,0,,0.0,24.4,8
1094,66,2024-09-19,3,1,0,,0.0,17.6,11
1095,66,2024-09-28,4,3,0,Negotiation,0.0,25.9,1
1096,66,2024-10-06,3,2,0,,0.0,22.0,10
1097,66,2024-10-14,2,0,0,Closed Lost,0.0,5,9
1098,66,2024-10-22,4,0,0,,0.0,8.6,9
1099,66,2024-10-30,0,0,0,,0.0,5.6,5
1100,67,2024-01-02,2,3,1,,0.0,20.6,2
1101,67,2024-01-08,1,0,0,,12073.71,21.1,3
1102,67,2024-01-14,4,3,0,,0.0,21.9,3
1103,67,2024-01-23,0,5,1,Discovery,0.0,33.9,7
1104,67,2024-01-31,5,2,0,,-13384.82,48.0,10
1105,67,2024-02-05,3,3,0,,0.0,46.9,5
1106,67,2024-02-14,0,2,0,Proposal,0.0,50.3,7
1107,67,2024-02-23,3,0,1,,0.0,66.8,4
1108,67,2024-03-01,2,2,0,,0.0,61.8,9
1109,67,2024-03-09,3,6,0,,0.0,65.7,4
1110,67,2024-03-18,6,4,0,Negotiation,0.0,63.6,10
1111,67,2024-03-23,4,5,0,,0.0,68.9,8
1112,67,2024-03-31,4,4,1,Closed Won,0.0,87.9,11
1113,67,2024-04-05,3,4,0,,1534.02,85.3,2
1114,67,2024-04-12,4,0,0,,2541.56,87.5,5
1115,68,2024-04-20,0,1,0,,0.0,10.0,1
1116,68,2024-04-28,5,1,0,,0.0,32.9,7
1117,68,2024-05-04,4,0,0,,-13133.47,33.0,11
1118,68,2024-05-13,3,0,0,Discovery,0.0,41.3,6
1119,68,2024-05-22,3,1,0,,0.0,46.2,2
1120,68,2024-05-29,3,2,0,,0.0,43.9,1
1121,68,2024-06-05,2,2,1,Proposal,0.0,56.3,12
1122,68,2024-06-12,1,1,0,,-200.54,64.3,12
1123,68,2024-06-20,5,4,1,,0.0,53.9,7
1124,68,2024-06-27,0,2,0,,0.0,64.9,11
1125,68,2024-07-03,5,4,0,Negotiation,2468.61,72.1,12
1126,68,2024-07-10,0,1,1,,0.0,76.4,9
1127,68,2024-07-17,5,2,1,,0.0,83.6,12
1128,68,2024-07-23,5,4,0,Closed Won,0.0,88.6,1
1129,68,2024-07-31,3,0,0,,0.0,86.5,7
1130,68,2024-08-09,2,0,0,,0.0,94.3,1
1131,69,2024-09-25,1,1,0,,0.0,21.3,1
1132,69,2024-09-29,3,3,0,,0.0,34.2,6
1133,69,2024-10-02,6,2,1,,0.0,34.2,1
1134,69,2024-10-07,6,2,0,,3498.76,31.8,8
1135,69,2024-10-13,6,0,0,,-15375.96,41.0,1
1136,69,2024-10-20,3,2,0,,0.0,45.6,1
1137,69,2024-10-26,6,3,1,Discovery,0.0,46.3,2
1138,69,2024-10-31,5,0,0,,0.0,42.4,2
1139,69,2024-11-03,4,3,1,,0.0,50.8,1
1140,69,2024-11-09,3,3,0,,0.0,49.7,2
1141,69,2024-11-13,2,5,0,,0.0,59.2,6
1142,69,2024-11-18,4,1,1,Negotiation,0.0,46.1,10
1143,69,2024-11-21,6,1,0,,0.0,50.8,6
1144,69,2024-11-28,3,3,0,,0.0,59.5,1
1145,69,2024-12-01,0,1,0,,0.0,61.7,6
1146,69,2024-12-05,2,4,0,,-6696.4,70.8,6
1147,69,2024-12-11,2,2,0,,0.0,68.0,3
1148,69,2024-12-14,0,1,0,,0.0,76.7,7
1149,70,2024-01-18,3,2,1,,0.0,19.1,1
1150,70,2024-01-25,3,1,0,,0.0,27.8,8
1151,70,2024-01-31,4,1,1,,0.0,34.7,6
1152,70,2024-02-06,6,5,0,Discovery,0.0,33.0,1
1153,70,2024-02-12,2,0,1,,-7958.1,30.6,4
1154,70,2024-02-17,5,4,0,,0.0,42.2,4
1155,70,2024-02-24,1,2,1,Proposal,0.0,57.7,6
1156,70,2024-03-01,6,4,1,,-9052.03,48.9,2
1157,70,2024-03-09,0,5,1,,0.0,63.1,6
1158,70,2024-03-17,1,2,0,,0.0,62.4,3
1159,70,2024-03-26,4,4,0,Negotiation,-13511.57,77.6,3
1160,70,2024-04-02,6,1,1,,0.0,72.6,10
1161,70,2024-04-11,3,5,1,,0.0,70.9,4
1162,70,2024-04-20,6,4,1,Closed Won,0.0,78.0,11
1163,70,2024-04-27,6,2,0,,0.0,95,8
1164,70,2024-05-06,1,5,1,,0.0,94.4,2
1165,71,2024-05-20,4,3,0,,0.0,25.8,4
1166,71,2024-05-26,1,1,0,,0.0,19.7,7
1167,71,2024-06-04,3,4,1,,0.0,36.8,2
1168,71,2024-06-12,1,0,1,Discovery,0.0,35.4,1
1169,71,2024-06-21,3,4,0,,0.0,38.5,7
1170,71,2024-06-28,2,3,0,,-7720.08,42.6,11
1171,71,2024-07-06,0,2,0,Proposal,0.0,45.9,9
1172,71,2024-07-15,5,0,0,,-12430.89,63.5,1
1173,71,2024-07-23,4,1,0,,0.0,63.5,12
1174,71,2024-07-29,5,2,1,,10294.98,67.1,12
1175,71,2024-08-05,5,4,0,Negotiation,0.0,60.2,6
1176,71,2024-08-12,3,3,0,,4468.64,80.2,3
1177,71,2024-08-21,3,1,1,,0.0,85.0,9
1178,71,2024-08-29,4,4,0,Closed Won,0.0,89.5,2
1179,71,2024-09-06,2,1,0,,0.0,95,8
1180,71,2024-09-14,3,4,1,,0.0,87.8,5
1181,72,2024-11-05,0,0,0,,0.0,23.1,6
1182,72,2024-11-06,6,6,1,,0.0,31.4,4
1183,72,2024-11-10,7,1,0,,0.0,46.5,5
1184,72,2024-11-13,1,2,1,,9829.28,42.0,8
1185,72,2024-11-16,0,2,1,Discovery,0.0,52.8,4
1186,72,2024-11-18,3,4,0,,963.65,39.6,3
1187,72,2024-11-22,5,6,0,,-4242.51,61.6,2
1188,72,2024-11-26,6,3,1,Proposal,0.0,49.6,8
1189,72,2024-11-30,2,4,0,,0.0,59.1,5
1190,72,2024-12-05,3,0,0,,0.0,61.6,4
1191,72,2024-12-08,8,5,0,,0.0,73.9,1
1192,72,2024-12-11,1,4,0,,0.0,78.4,5
1193,73,2024-02-08,1,2,0,,0.0,50.8,2
1194,73,2024-02-15,1,3,0,,-2559.72,52.2,2
1195,73,2024-02-23,4,2,0,,0.0,37.3,1
1196,73,2024-02-28,3,0,1,Discovery,0.0,44.9,7
1197,73,2024-03-06,2,3,0,,-7513.69,35.9,3
1198,73,2024-03-11,2,3,0,,0.0,26.4,4
1199,73,2024-03-16,3,1,0,Proposal,6600.67,27.6,10
1200,73,2024-03-24,0,1,1,,0.0,29.7,2
1201,73,2024-03-31,0,2,1,,0.0,23.2,1
1202,73,2024-04-07,4,1,0,,0.0,14.0,9
1203,73,2024-04-14,0,3,0,Negotiation,0.0,18.9,1
1204,73,2024-04-19,3,1,0,,0.0,14.5,2
1205,73,2024-04-27,0,3,1,,0.0,5,11
1206,73,2024-05-01,0,1,0,Closed Lost,0.0,5,11
1207,73,2024-05-08,1,1,1,,0.0,8.3,6
1208,73,2024-05-12,4,1,0,,0.0,13.7,7
1209,74,2024-08-05,2,0,1,,0.0,14.4,10
1210,74,2024-08-10,3,0,0,,0.0,30.2,10
1211,74,2024-08-16,1,2,0,,0.0,30.8,12
1212,74,2024-08-22,3,1,0,,0.0,35.9,6
1213,74,2024-08-27,5,3,1,Discovery,0.0,28.0,8
1214,74,2024-09-03,3,4,0,,0.0,36.7,1
1215,74,2024-09-10,1,0,0,,0.0,54.4,12
1216,74,2024-09-16,3,1,0,Proposal,0.0,42.1,5
1217,74,2024-09-21,1,1,0,,0.0,58.1,12
1218,74,2024-09-29,4,3,0,,0.0,56.3,11
1219,74,2024-10-06,0,4,0,,0.0,62.4,1
1220,74,2024-10-11,1,2,0,,8771.24,62.6,4
1221,74,2024-10-19,5,1,0,Negotiation,0.0,70.6,8
1222,74,2024-10-25,5,0,1,,0.0,77.2,1
1223,74,2024-11-02,5,1,0,,1025.79,74.3,4
1224,74,2024-11-08,1,4,1,Closed Won,0.0,90.7,12
1225,74,2024-11-13,1,1,0,,0.0,92.7,10
1226,74,2024-11-20,3,1,1,,9923.66,95,7
1227,75,2024-07-15,4,4,1,,0.0,54.5,8
1228,75,2024-07-25,2,3,1,,0.0,48.0,6
1229,75,2024-08-02,1,3,1,,8137.24,51.9,12
1230,75,2024-08-12,5,2,0,Discovery,0.0,48.9,12
1231,75,2024-08-22,2,3,0,,0.0,40.0,7
1232,75,2024-09-01,0,0,0,,-1433.3,35.2,5
1233,75,2024-09-12,5,2,0,Proposal,0.0,30.5,12
1234,75,2024-09-23,0,3,0,,0.0,32.2,1
1235,75,2024-10-03,2,0,0,,0.0,27.2,8
1236,75,2024-10-11,5,1,1,,0.0,23.1,14
1237,75,2024-10-21,1,0,1,Negotiation,0.0,9.7,7
1238,75,2024-10-28,3,4,0,,0.0,6.2,7
1239,75,2024-11-07,1,3,1,Closed Lost,0.0,7.5,11
1240,75,2024-11-17,3,4,0,,0.0,6.4,12
1241,75,2024-11-24,0,0,0,,0.0,10.5,3
1242,76,2024-05-15,1,2,1,,0.0,12.7,9
1243,76,2024-05-22,0,3,0,,0.0,19.3,12
1244,76,2024-05-28,1,1,1,,0.0,38.0,11
1245,76,2024-06-05,4,0,0,Discovery,0.0,28.3,7
1246,76,2024-06-12,0,2,1,,0.0,30.6,8
1247,76,2024-06-17,5,0,1,,0.0,40.3,11
1248,76,2024-06-23,4,0,1,Proposal,3192.53,50.4,5
1249,76,2024-07-01,3,3,0,,0.0,57.1,11
1250,76,2024-07-06,2,2,0,,0.0,68.8,7
1251,76,2024-07-11,4,0,0,,0.0,72.5,1
1252,76,2024-07-16,3,5,0,Negotiation,0.0,76.7,1
1253,76,2024-07-24,4,0,0,,0.0,70.6,4
1254,76,2024-08-02,2,3,0,,0.0,83.2,7
1255,76,2024-08-10,5,1,1,Closed Won,0.0,87.8,6
1256,76,2024-08-17,0,5,0,,0.0,80.9,6
1257,76,2024-08-25,5,3,1,,0.0,94.7,2
1258,77,2024-06-20,2,3,1,,2895.03,18.9,4
1259,77,2024-06-27,1,1,1,,0.0,33.9,2
1260,77,2024-07-05,3,0,1,,0.0,38.6,5
1261,77,2024-07-13,1,2,0,Discovery,0.0,44.0,11
1262,77,2024-07-18,1,3,1,,0.0,43.8,10
1263,77,2024-07-26,4,0,0,,0.0,42.5,12
1264,77,2024-08-02,3,3,0,Proposal,-7339.29,44.5,2
1265,77,2024-08-11,2,1,0,,0.0,47.3,6
1266,77,2024-08-17,3,0,0,,-1991.01,61.8,7
1267,77,2024-08-23,2,2,0,,2914.62,73.7,10
1268,77,2024-09-01,1,0,0,Negotiation,0.0,70.8,3
1269,77,2024-09-10,2,1,0,,0.0,74.1,3
1270,77,2024-09-19,0,2,0,,8843.91,89.8,12
1271,77,2024-09-24,4,3,0,Closed Won,0.0,79.3,7
1272,77,2024-09-30,0,2,1,,0.0,94.3,4
1273,77,2024-10-08,0,1,0,,0.0,95,11
1274,78,2024-07-22,3,0,1,,0.0,25.0,1
1275,78,2024-07-28,5,2,0,,4800.91,18.3,5
1276,78,2024-08-02,1,1,1,,0.0,35.0,1
1277,78,2024-08-11,2,4,1,Discovery,0.0,40.7,7
1278,78,2024-08-19,3,1,0,,0.0,31.9,3
1279,78,2024-08-26,0,0,0,,0.0,48.0,3
1280,78,2024-09-03,5,3,1,Proposal,0.0,42.4,5
1281,78,2024-09-11,5,4,0,,0.0,58.1,12
1282,78,2024-09-18,5,0,0,,0.0,67.3,5
1283,78,2024-09-26,5,3,0,,-264.15,57.4,11
1284,78,2024-10-04,4,1,1,Negotiation,0.0,71.5,5
1285,78,2024-10-09,5,0,0,,0.0,68.6,11
1286,78,2024-10-18,5,3,1,,0.0,72.5,12
1287,78,2024-10-25,4,1,0,Closed Won,0.0,89.0,9
1288,78,2024-11-01,4,3,1,,0.0,95,11
1289,78,2024-11-07,0,1,0,,2428.01,95,3
1290,79,2024-05-01,2,2,0,,0.0,13.4,11
1291,79,2024-05-06,0,1,0,,0.0,33.6,5
1292,79,2024-05-15,4,3,1,,0.0,29.2,6
1293,79,2024-05-23,4,1,0,,-7180.62,37.3,3
1294,79,2024-05-30,2,1,0,Discovery,0.0,40.8,6
1295,79,2024-06-04,2,1,0,,0.0,41.9,5
1296,79,2024-06-09,3,1,0,,0.0,39.8,7
1297,79,2024-06-15,1,1,1,Proposal,0.0,57.5,12
1298,79,2024-06-24,1,2,0,,0.0,60.5,3
1299,79,2024-06-30,3,1,0,,0.0,67.9,10
1300,79,2024-07-06,1,0,1,,0.0,67.5,7
1301,79,2024-07-11,0,2,0,Negotiation,0.0,68.8,5
1302,79,2024-07-20,1,1,1,,0.0,68.2,4
1303,79,2024-07-27,3,0,0,,0.0,73.4,5
1304,79,2024-08-01,4,3,1,Closed Won,0.0,82.6,5
1305,79,2024-08-06,4,2,0,,6920.91,95,7
1306,79,2024-08-11,1,2,0,,0.0,95,9
1307,80,2024-08-20,5,4,0,,0.0,29.2,6
1308,80,2024-08-29,6,3,0,,0.0,28.0,12
1309,80,2024-09-06,6,1,0,,0.0,42.2,7
1310,80,2024-09-14,6,2,0,,-9488.66,40.2,2
1311,80,2024-09-23,1,4,1,,0.0,44.9,8
1312,80,2024-09-29,6,0,0,Discovery,0.0,41.0,12
1313,80,2024-10-06,1,3,0,,0.0,48.7,9
1314,80,2024-10-11,5,0,0,,0.0,49.8,12
1315,80,2024-10-20,0,5,0,,0.0,50.7,12
1316,80,2024-10-26,5,4,0,,0.0,43.3,3
1317,80,2024-11-01,5,4,0,Negotiation,0.0,48.5,3
1318,80,2024-11-07,4,2,0,,0.0,56.0,6
1319,80,2024-11-15,0,2,0,,0.0,55.0,2
1320,80,2024-11-24,2,2,0,,4787.94,57.8,7
1321,80,2024-12-01,1,2,0,,0.0,74.2,1
1322,80,2024-12-06,3,4,0,,-1447.08,58.6,5
1323,80,2024-12-13,2,0,1,,-5309.57,77.8,2
